{
  "timestamp": "2026-02-02T12:45:41",
  "image": "data/test/test8.jpeg",
  "calibration_file": "outputs/calibration.npz",
  "reference_size_m": {
    "ref_w": 0.297,
    "ref_h": 0.21
  },
  "reference_points_px": [
    [
      155.3333282470703,
      195.6666717529297
    ],
    [
      206.3333282470703,
      195.6666717529297
    ],
    [
      206.3333282470703,
      254.3333282470703
    ],
    [
      156.6666717529297,
      252.3333282470703
    ]
  ],
  "object_points_px": [
    [
      171.6666717529297,
      257.6666564941406
    ],
    [
      189.6666717529297,
      259.6666564941406
    ],
    [
      187.3333282470703,
      291.6666564941406
    ],
    [
      171.6666717529297,
      289.6666564941406
    ]
  ],
  "object_world_points_m": [
    [
      0.09141209721565247,
      0.22786486148834229
    ],
    [
      0.1993379294872284,
      0.23241139948368073
    ],
    [
      0.18373234570026398,
      0.35466933250427246
    ],
    [
      0.08815833181142807,
      0.3509402275085449
    ]
  ],
  "estimated_object_m": {
    "width": 0.10183414816856384,
    "height": 0.12318412959575653
  },
  "step3_distance": {
    "measured_distance_m": 2.1,
    "method": "tape",
    "requirement_met_gt_2m": true,
    "pnp_estimate_m": 6.343933796833397,
    "pnp_minus_measured_m": 4.243933796833398
  },
  "accuracy": {
    "true_w_m": 0.11,
    "true_h_m": 0.08,
    "width_abs_err_m": 0.008165851831436158,
    "height_abs_err_m": 0.04318412959575653,
    "width_err_pct": 7.423501664941962,
    "height_err_pct": 53.98016199469566
  },
  "assumptions": [
    "Reference and object lie on the same plane (Z=0).",
    "Clicked order TL->TR->BR->BL for both reference and object.",
    "Reference dimensions match ref_w (TL->TR) and ref_h (TL->BL).",
    "Tape/laser distance is the accurate distance for Step 3."
  ]
}