{
  "timestamp": "2026-02-02T12:07:26",
  "image": "data/test/test7.jpeg",
  "calibration_file": "outputs/calibration.npz",
  "reference_size_m": {
    "ref_w": 0.297,
    "ref_h": 0.21
  },
  "reference_points_px": [
    [
      168.6666717529297,
      197.3333282470703
    ],
    [
      223.3333282470703,
      193.6666717529297
    ],
    [
      169.3333282470703,
      266.6666564941406
    ],
    [
      220.6666717529297,
      263.0
    ]
  ],
  "object_points_px": [
    [
      186.6666717529297,
      266.6666564941406
    ],
    [
      204.6666717529297,
      266.6666564941406
    ],
    [
      204.0,
      295.0
    ],
    [
      188.3333282470703,
      291.6666564941406
    ]
  ],
  "object_world_points_m": [
    [
      0.1951051950454712,
      0.20614638924598694
    ],
    [
      0.09648150205612183,
      0.20241649448871613
    ],
    [
      0.12012645602226257,
      0.15812982618808746
    ],
    [
      0.16898863017559052,
      0.16235259175300598
    ]
  ],
  "estimated_object_m": {
    "width": 0.0738692507147789,
    "height": 0.05059671401977539
  },
  "pnp_distance_est_m": 0.18231299954850036,
  "tape_distance_m": 2.01,
  "accuracy": {
    "true_w_m": 0.11,
    "true_h_m": 0.08,
    "width_abs_err_m": 0.0361307492852211,
    "height_abs_err_m": 0.02940328598022461,
    "width_err_pct": 32.84613571383736,
    "height_err_pct": 36.75410747528076
  }
}